Eigenstate,Energy,Kinetic Energy,Potential Energy
1,0.500081664405705688082489478314484013,0.0,0.500081664405705688082489478314484013
2,1.84679963492977472800226136227299362,1.2,0.64679963492977472800226136227299362
3,3.93819952392861693724187090082658722,3.2,0.73819952392861693724187090082658722
4,6.80425096647330733070197045903013921,6.0,0.80425096647330733070197045903013921
5,10.4583169408638203338587676299996056,9.6,0.8583169408638203338587676299996056
6,14.9112920402267465461569647914305844,14.0,0.9112920402267465461569647914305844
7,20.2042078936186795436645007075100580,19.2,1.0042078936186795436645007075100580
