Eigenstate,Energy,Kinetic Energy,Potential Energy
1,0.503227070346064374012295817994211804,0.0,0.503227070346064374012295817994211804
2,1.90850862679815670935783502815494480,1.2,0.70850862679815670935783502815494480
