Eigenstate,Energy,Kinetic Energy,Potential Energy
1,0.500417399452992985002890011285029941,0.0,0.500417399452992985002890011285029941
2,1.84955906520274977931465281201352159,1.2,0.64955906520274977931465281201352159
3,3.95094425990918447415835376319957804,3.2,0.75094425990918447415835376319957804
4,6.88109085947779325665017258155866330,6.0,0.88109085947779325665017258155866330
