Eigenstate,Energy,Kinetic Energy,Potential Energy
1,0.536844929114528343918880273712156099,0.0,0.536844929114528343918880273712156099
