Eigenstate,Energy,Kinetic Energy,Potential Energy
1,0.500966546529793417523068733672653522,0.0,0.500966546529793417523068733672653522
2,1.85538194129764085294856945985748542,1.2,0.65538194129764085294856945985748542
3,4.01161811812140808117963658682167033,3.2,0.81161811812140808117963658682167033
