Eigenstate,Energy,Kinetic Energy,Potential Energy
1,0.500128104671212273503428080419334000,0.0,0.500128104671212273503428080419334000
2,1.84714396797449172464550712735039655,1.2,0.64714396797449172464550712735039655
3,3.93945858107176105691470788868530686,3.2,0.73945858107176105691470788868530686
4,6.80798546585435699684889291430279881,6.0,0.80798546585435699684889291430279881
5,10.4699875774926132457653160585632737,9.6,0.8699875774926132457653160585632737
6,14.9718278538743780725465007112224764,14.0,0.9718278538743780725465007112224764
