Eigenstate,Energy,Kinetic Energy,Potential Energy
1,0.500217960522471971158284126805621138,0.0,0.500217960522471971158284126805621138
2,1.84784587546169504262572145816733936,1.2,0.64784587546169504262572145816733936
3,3.94230582142403574391089585125190080,3.2,0.74230582142403574391089585125190080
4,6.81848906126662115460458903745300180,6.0,0.81848906126662115460458903745300180
5,10.5320734257716578847839095502406751,9.6,0.9320734257716578847839095502406751
