Eigenstate,Energy,Kinetic Energy,Potential Energy
1,0.500055247114567288987596029634417437,0.0,0.500055247114567288987596029634417437
2,1.84660993469649944981989885767433568,1.2,0.64660993469649944981989885767433568
3,3.93754580194433253374296211603223170,3.2,0.73754580194433253374296211603223170
4,6.80250991863628076854034623820937334,6.0,0.80250991863628076854034623820937334
5,10.4539342581706662722137689049440435,9.6,0.8539342581706662722137689049440435
6,14.8989174157810400228920379645140176,14.0,0.8989174157810400228920379645140176
7,20.1456241759045464875379379098614846,19.2,0.9456241759045464875379379098614846
8,26.2314411300560039758714818583598991,25.2,1.0314411300560039758714818583598991
