Eigenstate,Potential Energy
1,0.500081664405705688082489478314484013
2,0.64679963492977472800226136227299362
3,0.73819952392861693724187090082658722
4,0.80425096647330733070197045903013921
5,0.8583169408638203338587676299996056
6,0.9112920402267465461569647914305844
7,1.0042078936186795436645007075100580
