Eigenstate,Potential Energy
1,0.500021684846014881365774260789054630
2,0.64637628998609671799890080257128245
3,0.73678310905283272719775582988404676
4,0.80065151513661458343752835857492423
5,0.8499022018699546678297885183958534
6,0.8902694528719256198772340707857134
7,0.9250310814406973937562829297712031
8,0.9565444867155783397709898242684346
9,0.9873744029106437647420706563431200
10,1.0229891560537453066038555012907195
11,1.0938724519851592763493042339622086
