Eigenstate,Potential Energy
1,0.500217960522471971158284126805621138
2,0.64784587546169504262572145816733936
3,0.74230582142403574391089585125190080
4,0.81848906126662115460458903745300180
5,0.9320734257716578847839095502406751
