Eigenstate,Potential Energy
1,0.500417399452992985002890011285029941
2,0.64955906520274977931465281201352159
3,0.75094425990918447415835376319957804
4,0.88109085947779325665017258155866330
