Eigenstate,Potential Energy
1,0.500966546529793417523068733672653522
2,0.65538194129764085294856945985748542
3,0.81161811812140808117963658682167033
