Eigenstate,Potential Energy
1,0.500128104671212273503428080419334000
2,0.64714396797449172464550712735039655
3,0.73945858107176105691470788868530686
4,0.80798546585435699684889291430279881
5,0.8699875774926132457653160585632737
6,0.9718278538743780725465007112224764
