Eigenstate,Potential Energy
1,0.500039112799761668449755917251697326
2,0.64649650245800814896819297263815928
3,0.73716930083644486087918553791643270
4,0.80156847338828541477058003366224807
5,0.8518096586052950276944138447460865
6,0.8940726627111132151189611987924204
7,0.9328474854761126448897273725980432
8,0.9749211995428249750435709319634735
9,1.0549075453692128017829974078922727
